-- Insertion de centres de santé fictifs en France
INSERT INTO centre (id, name, city, address, phone_number) VALUES 
(1, 'Centre Hospitalier Universitaire de Bordeaux', 'Bordeaux', 'Place Amélie Raba Léon', '0556248394'),
(2, 'Centre Hospitalier Sud Francilien', 'Évry', '116 Boulevard Jean Jaurès', '0160699177'),
(3, 'Hôpital Nord', 'Marseille', 'Chemin des Bourrely', '0412911275'),
(4, 'Centre Hospitalier Régional d_Orléans', 'Orléans', '1 Rue Porte Madeleine', '0238553333'),
(5, 'Hôpital de la Timone', 'Marseille', '264 Rue Saint-Pierre', '0491384000'),
(6, 'Centre Hospitalier Universitaire de Strasbourg', 'Strasbourg', '1 Place de l_Hôpital', '0388116767'),
(7, 'Hôpital de la Pitié-Salpêtrière', 'Paris', '47 Boulevard de l_Hôpital', '0142178000'),
(8, 'Centre Hospitalier d_Angers', 'Angers', '4 Rue Larrey', '0241222323'),
(9, 'Centre Hospitalier Universitaire de Nantes', 'Nantes', 'Boulevard Jean Monnet', '0253671100'),
(10, 'Hôpital Européen', 'Marseille', '6 Rue Désirée Clary', '0488136666'),
(11, 'Centre Hospitalier de Lyon', 'Lyon', '3 Quai des Célestins', '0478721212'),
(12, 'Hôpital Saint-Louis', 'Paris', '1 Avenue Claude Vellefaux', '0144958000'),
(13, 'Centre Hospitalier de Toulouse', 'Toulouse', '2 Rue Viguerie', '0561772222'),
(14, 'Hôpital Européen Georges-Pompidou', 'Paris', '20 Rue Leblanc', '0156092000'),
(15, 'Centre Hospitalier de Lille', 'Lille', '2 Avenue Oscar Lambret', '0320445959'),
(16, 'Hôpital de la Croix-Rousse', 'Lyon', '103 Grande Rue de la Croix-Rousse', '0472728383'),
(17, 'Centre Hospitalier de Grenoble', 'Grenoble', 'Avenue Maquis du Grésivaudan', '0476765555'),
(18, 'Hôpital Saint-Joseph', 'Marseille', '26 Boulevard de Louvain', '0491380000'),
(19, 'Centre Hospitalier de Nice', 'Nice', '4 Avenue Reine Victoria', '0492030303'),
(20, 'Hôpital Cochin', 'Paris', '27 Rue du Faubourg Saint-Jacques', '0145841919'),
(21, 'Centre Hospitalier de Rennes', 'Rennes', '2 Rue Henri Le Guilloux', '0299263232'),
(22, 'Hôpital Saint-Antoine', 'Paris', '184 Rue du Faubourg Saint-Antoine', '0149232323'),
(23, 'Centre Hospitalier de Montpellier', 'Montpellier', '191 Avenue du Doyen Gaston Giraud', '0467336767'),
(24, 'Hôpital Bichat-Claude Bernard', 'Paris', '46 Rue Henri Huchard', '0140232323'),
(25, 'Centre Hospitalier de Rouen', 'Rouen', '1 Rue de Germont', '0232888888'),
(26, 'Hôpital Tenon', 'Paris', '4 Rue de la Chine', '0144232323'),
(27, 'Centre Hospitalier de Nancy', 'Nancy', '29 Avenue du Maréchal de Lattre de Tassigny', '0383838383'),
(28, 'Hôpital Européen de Paris', 'Paris', '6 Rue Guy Patin', '0145232323'),
(29, 'Centre Hospitalier de Brest', 'Brest', '2 Avenue Foch', '0298444444'),
(30, 'Hôpital Saint-Jacques', 'Nantes', '85 Rue Saint-Jacques', '0253444444'),
(31, 'Centre Hospitalier de Clermont-Ferrand', 'Clermont-Ferrand', '58 Rue Montalembert', '0473737373'),
(32, 'Hôpital Saint-Jean', 'Angers', '4 Rue Larrey', '0241222323'),
(33, 'Centre Hospitalier de Dijon', 'Dijon', '14 Rue Paul Gaffarel', '0380666666');
-- 10 entrées ajoutées, continuez avec plus de centres fictifs similaires jusqu'à 25

-- Insertion de patients fictifs
INSERT INTO patient (name, surname, phone_number, email, date_of_birth, centre_id, vaccination_status) VALUES 
('Marie', 'Dubois', '0623481293', 'marie.dubois@example.com', '1988-04-05', 1, 'VACCINATED'),
('Lucas', 'Morel', '0658473956', 'lucas.morel@example.com', '1992-11-17', 2, 'NOT_VACCINATED'),
('Emma', 'Lefevre', '0639128475', 'emma.lefevre@example.com', '1985-07-25', 3, 'VACCINATED'),
('Thomas', 'Garcia', '0645192837', 'thomas.garcia@example.com', '1990-02-11', 4, 'NOT_VACCINATED'),
('Julie', 'Martin', '0672198347', 'julie.martin@example.com', '1983-12-14', 5, 'VACCINATED'),
('Antoine', 'Bernard', '0681928476', 'antoine.bernard@example.com', '1994-08-19', 6, 'NOT_VACCINATED'),
('Elodie', 'Dupont', '0627189453', 'elodie.dupont@example.com', '1991-06-21', 7, 'VACCINATED'),
('Maxime', 'Roux', '0653927846', 'maxime.roux@example.com', '1986-09-09', 8, 'NOT_VACCINATED'),
('Alice', 'Moreau', '0628947152', 'alice.moreau@example.com', '1989-01-22', 9, 'VACCINATED'),
('Nicolas', 'Petit', '0671284739', 'nicolas.petit@example.com', '1987-03-08', 10, 'NOT_VACCINATED'),
('Sophie', 'Lemoine', '0628394751', 'sophie.lemoine@example.com', '1993-05-14', 11, 'VACCINATED'),
('Hugo', 'Martinez', '0672938475', 'hugo.martinez@example.com', '1984-10-30', 12, 'NOT_VACCINATED'),
('Chloe', 'Thomas', '0639184752', 'chloe.thomas@example.com', '1995-03-12', 13, 'VACCINATED'),
('Louis', 'Robert', '0657283946', 'louis.robert@example.com', '1982-07-19', 14, 'NOT_VACCINATED'),
('Camille', 'Richard', '0628394753', 'camille.richard@example.com', '1996-11-23', 15, 'VACCINATED'),
('Leo', 'Durand', '0672938476', 'leo.durand@example.com', '1983-04-17', 16, 'NOT_VACCINATED'),
('Manon', 'Dubois', '0639184753', 'manon.dubois@example.com', '1991-09-05', 17, 'VACCINATED'),
('Lucas', 'Morel', '0657283947', 'lucas.morel@example.com', '1987-02-28', 18, 'NOT_VACCINATED'),
('Sarah', 'Lefevre', '0628394754', 'sarah.lefevre@example.com', '1994-06-15', 19, 'VACCINATED'),
('Nathan', 'Garcia', '0672938477', 'nathan.garcia@example.com', '1989-12-01', 20, 'NOT_VACCINATED'),
('Laura', 'Martin', '0639184754', 'laura.martin@example.com', '1992-08-08', 21, 'VACCINATED'),
('Tom', 'Bernard', '0657283948', 'tom.bernard@example.com', '1985-01-19', 22, 'NOT_VACCINATED'),
('Clara', 'Dupont', '0628394755', 'clara.dupont@example.com', '1990-05-27', 23, 'VACCINATED'),
('Paul', 'Roux', '0672938478', 'paul.roux@example.com', '1986-11-14', 24, 'NOT_VACCINATED'),
('Emma', 'Moreau', '0639184755', 'emma.moreau@example.com', '1993-03-03', 25, 'VACCINATED'); 

-- Ajoutez plus de patients similaires jusqu'à 25 patients

-- Insertion de UTILISATEURS fictifs
INSERT INTO utilisateur (id, name, surname, phone_number, email, password) VALUES 
(1, 'Jean', 'Dupont', '0612345678', 'jean.dupont@example.com', 'password123'),
(2, 'Marie', 'Curie', '0623456789', 'marie.curie@example.com', 'password123'),
(3, 'Albert', 'Einstein', '0634567890', 'albert.einstein@example.com', 'password123'),
(4, 'Isaac', 'Newton', '0645678901', 'isaac.newton@example.com', 'password123'),
(5, 'Galileo', 'Galilei', '0656789012', 'galileo.galilei@example.com', 'password123'),
(6, 'Charles', 'Darwin', '0667890123', 'charles.darwin@example.com', 'password123'),
(7, 'Nikola', 'Tesla', '0678901234', 'nikola.tesla@example.com', 'password123'),
(8, 'Leonardo', 'da Vinci', '0689012345', 'leonardo.davinci@example.com', 'password123'),
(9, 'Thomas', 'Edison', '0690123456', 'thomas.edison@example.com', 'password123'),
(10, 'Alexander', 'Graham Bell', '0612345679', 'alexander.bell@example.com', 'password123'),
(11, 'Marie', 'Lavoisier', '0623456790', 'marie.lavoisier@example.com', 'password123'),
(12, 'Louis', 'Pasteur', '0634567901', 'louis.pasteur@example.com', 'password123'),
(13, 'Gregor', 'Mendel', '0645679012', 'gregor.mendel@example.com', 'password123'),
(14, 'James', 'Watson', '0656789123', 'james.watson@example.com', 'password123'),
(15, 'Francis', 'Crick', '0667890234', 'francis.crick@example.com', 'password123'),
(16, 'Rosalind', 'Franklin', '0678901345', 'rosalind.franklin@example.com', 'password123'),
(17, 'Ada', 'Lovelace', '0689012456', 'ada.lovelace@example.com', 'password123'),
(18, 'Alan', 'Turing', '0690123567', 'alan.turing@example.com', 'password123'),
(19, 'Grace', 'Hopper', '0612345680', 'grace.hopper@example.com', 'password123'),
(20, 'Katherine', 'Johnson', '0623456801', 'katherine.johnson@example.com', 'password123'),
(21, 'Dorothy', 'Vaughan', '0634568012', 'dorothy.vaughan@example.com', 'password123'),
(22, 'Mary', 'Jackson', '0645679123', 'mary.jackson@example.com', 'password123'),
(23, 'Carl', 'Sagan', '0656780234', 'carl.sagan@example.com', 'password123'),
(24, 'Neil', 'Armstrong', '0667891345', 'neil.armstrong@example.com', 'password123'),
(25, 'Buzz', 'Aldrin', '0678902456', 'buzz.aldrin@example.com', 'password123'),
(26, 'Yuri', 'Gagarin', '0689013567', 'yuri.gagarin@example.com', 'password123'),
(27, 'Sally', 'Ride', '0690124678', 'sally.ride@example.com', 'password123'),
(28, 'Mae', 'Jemison', '0612345790', 'mae.jemison@example.com', 'password123'),
(29, 'Valentina', 'Tereshkova', '0623457901', 'valentina.tereshkova@example.com', 'password123'),
(30, 'Chris', 'Hadfield', '0634569012', 'chris.hadfield@example.com', 'password123'),
(31, 'Isaac', 'Asimov', '0645678902', 'isaac.asimov@example.com', 'password456'),
(32, 'Arthur', 'Clarke', '0656789013', 'arthur.clarke@example.com', 'password789'),
(33, 'H.G.', 'Wells', '0667890124', 'hg.wells@example.com', 'password101'),
(34, 'Jules', 'Verne', '0678901235', 'jules.verne@example.com', 'password102'),
(35, 'Philip', 'Dick', '0689012346', 'philip.dick@example.com', 'password103'),
(36, 'Ray', 'Bradbury', '0690123457', 'ray.bradbury@example.com', 'password104'),
(37, 'Robert', 'Heinlein', '0612345670', 'robert.heinlein@example.com', 'password105'),
(38, 'Frank', 'Herbert', '0623456781', 'frank.herbert@example.com', 'password106'),
(39, 'Ursula', 'Le Guin', '0634567892', 'ursula.leguin@example.com', 'password107'),
(40, 'William', 'Gibson', '0645678903', 'william.gibson@example.com', 'password108'),
(41, 'Neal', 'Stephenson', '0656789014', 'neal.stephenson@example.com', 'password109'),
(42, 'Margaret', 'Atwood', '0667890125', 'margaret.atwood@example.com', 'password110'),
(43, 'Kurt', 'Vonnegut', '0678901236', 'kurt.vonnegut@example.com', 'password111'),
(44, 'Aldous', 'Huxley', '0689012347', 'aldous.huxley@example.com', 'password112'),
(45, 'George', 'Orwell', '0690123458', 'george.orwell@example.com', 'password113'),
(46, 'Douglas', 'Adams', '0612345671', 'douglas.adams@example.com', 'password114'),
(47, 'Terry', 'Pratchett', '0623456782', 'terry.pratchett@example.com', 'password115'),
(48, 'Isaac', 'Asimov', '0634567893', 'isaac.asimov2@example.com', 'password116'),
(49, 'Arthur', 'Clarke', '0645678904', 'arthur.clarke2@example.com', 'password117'),
(50, 'H.G.', 'Wells', '0656789015', 'hg.wells2@example.com', 'password118'),
(51, 'Jules', 'Verne', '0667890126', 'jules.verne2@example.com', 'password119'),
(52, 'Philip', 'Dick', '0678901237', 'philip.dick2@example.com', 'password120'),
(53, 'Ray', 'Bradbury', '0689012348', 'ray.bradbury2@example.com', 'password121'),
(54, 'Robert', 'Heinlein', '0690123459', 'robert.heinlein2@example.com', 'password122'),
(55, 'Frank', 'Herbert', '0612345672', 'frank.herbert2@example.com', 'password123'),
(56, 'Ursula', 'Le Guin', '0623456783', 'ursula.leguin2@example.com', 'password124'),
(57, 'William', 'Gibson', '0634567894', 'william.gibson2@example.com', 'password125'),
(58, 'Neal', 'Stephenson', '0645678905', 'neal.stephenson2@example.com', 'password126'),
(59, 'Margaret', 'Atwood', '0656789016', 'margaret.atwood2@example.com', 'password127'),
(60, 'Kurt', 'Vonnegut', '0667890127', 'kurt.vonnegut2@example.com', 'password128');


-- Ajoutez plus de médecins similaires jusqu'à 25 médecins

-- Insertion de réservations fictives pour les patients
INSERT INTO reservation (patient_id, centre_id, date_reservation, reservation_status) VALUES 
(1, 1, '2024-10-30', 'PENDING'),
(2, 2, '2024-11-15', 'CONFIRMED'),
(3, 3, '2024-10-25', 'PENDING'),
(4, 4, '2024-11-02', 'CANCELED'),
(5, 5, '2024-12-05', 'CONFIRMED'),
(6, 6, '2024-11-18', 'PENDING'),
(7, 7, '2024-12-22', 'CONFIRMED'),
(8, 8, '2024-10-28', 'PENDING'),
(9, 9, '2024-11-30', 'CONFIRMED'),
(10, 10, '2024-11-20', 'CANCELED'),
(11, 11, '2024-12-10', 'PENDING'),
(12, 12, '2024-11-05', 'CONFIRMED'),
(13, 13, '2024-12-15', 'PENDING'),
(14, 14, '2024-10-31', 'CONFIRMED'),
(15, 15, '2024-11-25', 'PENDING'),
(16, 16, '2024-12-01', 'CONFIRMED'),
(17, 17, '2024-11-12', 'PENDING'),
(18, 18, '2024-12-20', 'CONFIRMED'),
(19, 19, '2024-11-28', 'PENDING'),
(20, 20, '2024-12-08', 'CONFIRMED'),
(21, 21, '2024-11-17', 'PENDING'),
(22, 22, '2024-12-03', 'CONFIRMED'),
(23, 23, '2024-11-08', 'PENDING'),
(24, 24, '2024-12-18', 'CONFIRMED'),
(25, 25, '2024-11-23', 'PENDING'); 
-- Continuez jusqu'à 50 réservations avec des dates, centres et statuts variés
